{
  "episode_index": 16,
  "episode_return": -3620.0283203125,
  "fitness_reward": -3619.028214761981,
  "average_gtc": 2656.1824191225037,
  "std_gtc": 962.845795639477,
  "route_path_node_ids": [
    779,
    2483,
    779
  ],
  "route_latlon": [
    [
      8.250039399999999,
      124.2488758
    ],
    [
      8.250230099999998,
      124.24868780000001
    ],
    [
      8.250039399999999,
      124.2488758
    ]
  ]
}