{
  "episode_index": 106433,
  "episode_return": -37.55381535720426,
  "fitness_reward": -35.983415825293335,
  "average_gtc": 35.983415825293335,
  "std_gtc": 0.0,
  "route_path_node_ids": [
    2379,
    1455,
    1452,
    1455,
    2379
  ],
  "route_latlon": [
    [
      8.2429288,
      124.2709829
    ],
    [
      8.242305,
      124.270653
    ],
    [
      8.2435155,
      124.2689726
    ],
    [
      8.242305,
      124.270653
    ],
    [
      8.2429288,
      124.2709829
    ]
  ]
}