{
  "episode_index": 641,
  "episode_return": -41.365710622636016,
  "fitness_reward": -40.36570377413821,
  "average_gtc": 40.36570377413821,
  "std_gtc": 0.0,
  "route_path_node_ids": [
    551,
    552,
    551
  ],
  "route_latlon": [
    [
      8.217673899999998,
      124.23374680000002
    ],
    [
      8.217270100000206,
      124.23394165000191
    ],
    [
      8.217673899999998,
      124.23374680000002
    ]
  ]
}