{
  "episode_index": 250,
  "episode_return": -75.68006896972656,
  "fitness_reward": -74.68007021493813,
  "average_gtc": 74.68007021493813,
  "std_gtc": 0.0,
  "route_path_node_ids": [
    2294,
    2293,
    2294
  ],
  "route_latlon": [
    [
      8.2380856,
      124.41192360000001
    ],
    [
      8.239898699999998,
      124.41150920000001
    ],
    [
      8.2380856,
      124.41192360000001
    ]
  ]
}