{
  "episode_index": 323,
  "episode_return": -3961.419881239438,
  "fitness_reward": -3957.4107784431903,
  "average_gtc": 3957.4107784431903,
  "std_gtc": 0.0,
  "route_path_node_ids": [
    2723,
    3182,
    2723,
    2722,
    2724,
    2722,
    2723
  ],
  "route_latlon": [
    [
      8.315922499999997,
      124.2566591
    ],
    [
      8.316640700000203,
      124.25783469999942
    ],
    [
      8.315922499999997,
      124.2566591
    ],
    [
      8.3156687,
      124.255984
    ],
    [
      8.3155824,
      124.2557533
    ],
    [
      8.3156687,
      124.255984
    ],
    [
      8.315922499999997,
      124.2566591
    ]
  ]
}