{
  "episode_index": 106484,
  "episode_return": -10632.03515625,
  "fitness_reward": -10631.035462471407,
  "average_gtc": 6145.165889328299,
  "std_gtc": 4485.869573143108,
  "route_path_node_ids": [
    902,
    904,
    902
  ],
  "route_latlon": [
    [
      8.036351999999999,
      124.27018540000002
    ],
    [
      8.0367989,
      124.269986
    ],
    [
      8.036351999999999,
      124.27018540000002
    ]
  ]
}