{
  "episode_index": 188,
  "episode_return": -9357.1572265625,
  "fitness_reward": -9356.15700788924,
  "average_gtc": 5734.234075870686,
  "std_gtc": 3621.922932018554,
  "route_path_node_ids": [
    537,
    535,
    537
  ],
  "route_latlon": [
    [
      8.2233949,
      124.24512970000002
    ],
    [
      8.2235816,
      124.2446912
    ],
    [
      8.2233949,
      124.24512970000002
    ]
  ]
}