{
  "episode_index": 2116,
  "episode_return": -11624.2900390625,
  "fitness_reward": -11623.29008406669,
  "average_gtc": 11623.29008406669,
  "std_gtc": 0.0,
  "route_path_node_ids": [
    2673,
    2671,
    2673
  ],
  "route_latlon": [
    [
      8.1883559,
      124.0614877
    ],
    [
      8.1855835,
      124.0669754
    ],
    [
      8.1883559,
      124.0614877
    ]
  ]
}