{
  "episode_index": 105994,
  "episode_return": -7281.25732421875,
  "fitness_reward": -7279.257295521852,
  "average_gtc": 5244.008637506033,
  "std_gtc": 2035.248658015819,
  "route_path_node_ids": [
    3505,
    3505,
    3505,
    3505,
    3505,
    3505
  ],
  "route_latlon": [
    [
      8.1919246,
      124.07701430000002
    ],
    [
      8.1919246,
      124.07701430000002
    ],
    [
      8.1919246,
      124.07701430000002
    ],
    [
      8.1919246,
      124.07701430000002
    ],
    [
      8.1919246,
      124.07701430000002
    ],
    [
      8.1919246,
      124.07701430000002
    ]
  ]
}