{
  "episode_index": 404,
  "episode_return": -6675.78466796875,
  "fitness_reward": -6674.784705200401,
  "average_gtc": 6674.784705200401,
  "std_gtc": 0.0,
  "route_path_node_ids": [
    975,
    980,
    975
  ],
  "route_latlon": [
    [
      8.11607,
      124.2191881
    ],
    [
      8.1162759,
      124.21928590000002
    ],
    [
      8.11607,
      124.2191881
    ]
  ]
}