{
  "episode_index": 34,
  "episode_return": -16928.38671875,
  "fitness_reward": -16927.38658637213,
  "average_gtc": 10821.224682551303,
  "std_gtc": 6106.161903820828,
  "route_path_node_ids": [
    797,
    799,
    797
  ],
  "route_latlon": [
    [
      8.243707000000002,
      124.2489441
    ],
    [
      8.2426116,
      124.24859450000001
    ],
    [
      8.243707000000002,
      124.2489441
    ]
  ]
}