{
  "episode_index": 550,
  "episode_return": -14566.029272310949,
  "fitness_reward": -14560.927045621193,
  "average_gtc": 7942.3151313801945,
  "std_gtc": 6618.611914240999,
  "route_path_node_ids": [
    1808,
    176,
    173,
    176,
    1807,
    1808
  ],
  "route_latlon": [
    [
      8.1882105,
      124.21742589999998
    ],
    [
      8.1876198,
      124.21669770000001
    ],
    [
      8.1875044,
      124.21515490000002
    ],
    [
      8.1876198,
      124.21669770000001
    ],
    [
      8.187872000000004,
      124.2166722
    ],
    [
      8.1882105,
      124.21742589999998
    ]
  ]
}