{
  "episode_index": 106415,
  "episode_return": -22038.38673123365,
  "fitness_reward": -22036.38669291003,
  "average_gtc": 12795.686645014746,
  "std_gtc": 9240.700047895283,
  "route_path_node_ids": [
    1203,
    1205,
    1203
  ],
  "route_latlon": [
    [
      8.2505369,
      124.25772330000001
    ],
    [
      8.251321599999999,
      124.25784810000002
    ],
    [
      8.2505369,
      124.25772330000001
    ]
  ]
}