{
  "episode_index": 41,
  "episode_return": -21179.4375,
  "fitness_reward": -21178.43705274641,
  "average_gtc": 17301.140575875168,
  "std_gtc": 3877.2964768712404,
  "route_path_node_ids": [
    3342,
    3341,
    3342
  ],
  "route_latlon": [
    [
      8.316856300000001,
      124.2579353
    ],
    [
      8.3170262,
      124.25801310000001
    ],
    [
      8.316856300000001,
      124.2579353
    ]
  ]
}