{
  "episode_index": 1820,
  "episode_return": -42640.859375,
  "fitness_reward": -42639.85758361946,
  "average_gtc": 28917.565344961225,
  "std_gtc": 13722.29223865823,
  "route_path_node_ids": [
    1903,
    1905,
    1903
  ],
  "route_latlon": [
    [
      8.196897799999997,
      124.24742100000002
    ],
    [
      8.197145299999999,
      124.2474344
    ],
    [
      8.196897799999997,
      124.24742100000002
    ]
  ]
}